{"gradients/graph_8network.4.bias":{"_type":"histogram","values":[1],"bins":[-3.4285535548406187e-06,-3.4285535548406187e-06]},"train_loss":1.2550752762763295e-05,"gradients/graph_8network.0.weight":{"values":[1,1,0,0,0,0,0,1,0,0,0,0,0,1,0,0,0,0,0,0,0,0,0,1,0,0,0,0,0,0,0,0,0,0,0,1,0,1,0,0,0,0,1,0,0,0,0,0,0,1,0,0,0,0,0,0,0,0,0,0,0,0,0,1],"bins":[-2.828833203238901e-07,-2.683838431494223e-07,-2.53884394396664e-07,-2.3938491722219624e-07,-2.248854684694379e-07,-2.1038600550582487e-07,-1.9588654254221183e-07,-1.8138707957859879e-07,-1.6688761661498575e-07,-1.52388139440518e-07,-1.3788867647690495e-07,-1.233892135132919e-07,-1.0888975054967887e-07,-9.439028758606582e-08,-7.989082462245278e-08,-6.539136165883974e-08,-5.08918986952267e-08,-3.639243573161366e-08,-2.189297099164378e-08,-7.393507139852318e-09,7.105956711939143e-09,2.1605419675552184e-08,3.6104886191878904e-08,5.0604349155491946e-08,6.510381211910499e-08,7.960327508271803e-08,9.410273804633107e-08,1.0860220100994411e-07,1.231016710789845e-07,1.3760113404259755e-07,1.521005970062106e-07,1.6660005996982363e-07,1.8109952293343667e-07,1.9559898589704972e-07,2.1009844886066276e-07,2.245979118242758e-07,2.3909737478788884e-07,2.535968519623566e-07,2.680963007151149e-07,2.825957778895827e-07,2.97095226642341e-07,3.1159470381680876e-07,3.260941525695671e-07,3.4059362974403484e-07,3.5509307849679317e-07,3.695925556712609e-07,3.8409200442401925e-07,3.98591481598487e-07,4.1309095877295476e-07,4.275904075257131e-07,4.4208988470018085e-07,4.5658933345293917e-07,4.7108881062740693e-07,4.855882593801653e-07,5.000877081329236e-07,5.145872137291008e-07,5.290866624818591e-07,5.435861112346174e-07,5.580855599873757e-07,5.725850655835529e-07,5.870845143363113e-07,6.015839630890696e-07,6.160834118418279e-07,6.305829174380051e-07,6.450823661907634e-07],"_type":"histogram"},"parameters/graph_8network.4.bias":{"bins":[1.353456974029541,1.353456974029541],"_type":"histogram","values":[1]},"epoch":50,"_runtime":4,"gradients/graph_8network.4.weight":{"bins":[-3.1088779905985575e-06,-2.850957571354229e-06,-2.593036924736225e-06,-2.3351165054918965e-06,-2.0771958588738926e-06,-1.819275439629564e-06,-1.5613550203852355e-06,-1.3034344874540693e-06,-1.045513954522903e-06,-7.875934215917368e-07,-5.296729455039895e-07,-2.7175244099453266e-07,-1.3831936485075857e-08,2.4408856802438095e-07,5.020090725338378e-07,7.599295486215851e-07,1.0178500815527514e-06,1.2757706144839176e-06,1.5336911474150838e-06,1.7916115666594123e-06,2.0495322132774163e-06,2.307452632521745e-06,2.5653730517660733e-06,2.8232936983840773e-06,3.081214117628406e-06,3.3391345368727343e-06,3.5970551834907383e-06,3.854975602735067e-06,4.112896021979395e-06,4.370816441223724e-06,4.628737315215403e-06,4.886657734459732e-06,5.144578608451411e-06,5.40249902769574e-06,5.660419446940068e-06,5.9183403209317476e-06,6.176260740176076e-06,6.434181159420405e-06,6.692101578664733e-06,6.950021997909062e-06,7.207942871900741e-06,7.4658632911450695e-06,7.723783710389398e-06,7.981704584381077e-06,8.239624548878055e-06,8.497545422869734e-06,8.755465387366712e-06,9.013386261358391e-06,9.271307135350071e-06,9.529227099847049e-06,9.787147973838728e-06,1.0045067938335706e-05,1.0302988812327385e-05,1.0560908776824363e-05,1.0818829650816042e-05,1.1076750524807721e-05,1.1334670489304699e-05,1.1592591363296378e-05,1.1850511327793356e-05,1.2108432201785035e-05,1.2366353075776715e-05,1.2624273040273692e-05,1.2882193914265372e-05,1.314011387876235e-05,1.3398034752754029e-05],"_type":"histogram","values":[1,0,0,0,0,0,0,0,0,0,0,0,0,0,0,0,0,0,0,0,0,0,0,0,1,0,0,0,0,0,0,0,0,0,0,0,0,0,0,0,0,0,0,0,0,0,0,0,0,0,0,0,0,0,0,0,0,0,0,0,0,0,0,3]},"_timestamp":1.7642543663811378e+09,"val_accuracy":100,"gradients/graph_8network.2.bias":{"bins":[-4.521076277796965e-07,-4.405506786042679e-07,-4.2899370100712986e-07,-4.1743675183170126e-07,-4.0587977423456323e-07,-3.9432282505913463e-07,-3.827658474619966e-07,-3.71208898286568e-07,-3.596519491111394e-07,-3.4809497151400137e-07,-3.3653802233857277e-07,-3.2498104474143474e-07,-3.1342409556600614e-07,-3.018671179688681e-07,-2.903101687934395e-07,-2.787531911963015e-07,-2.671962420208729e-07,-2.556392928454443e-07,-2.4408231524830626e-07,-2.3252535186202294e-07,-2.2096838847573963e-07,-2.0941143930031103e-07,-1.9785447591402772e-07,-1.862975125277444e-07,-1.747405491414611e-07,-1.6318358575517777e-07,-1.5162662236889446e-07,-1.4006965898261114e-07,-1.2851270980718255e-07,-1.1695573931547187e-07,-1.0539878303461592e-07,-9.38418196483326e-08,-8.228482784033986e-08,-7.072786445405654e-08,-5.917090462048691e-08,-4.761394478691727e-08,-3.605698140063396e-08,-2.4500019790707483e-08,-1.2943058180781009e-08,-1.3860965708545336e-09,1.0170865039071941e-08,2.1727826648998416e-08,3.328478825892489e-08,4.4841748092494527e-08,5.639871147877784e-08,6.795567486506116e-08,7.951263114591711e-08,9.106959453220043e-08,1.0262655791848374e-07,1.1418352130476705e-07,1.2574048469105037e-07,1.3729744807733368e-07,1.48854411463617e-07,1.604113606390456e-07,1.719683240253289e-07,1.8352528741161223e-07,1.9508225079789554e-07,2.0663921418417885e-07,2.1819617757046217e-07,2.2975314095674548e-07,2.413100901321741e-07,2.528670677293121e-07,2.644240169047407e-07,2.7598099450187874e-07,2.8753794367730734e-07],"_type":"histogram","values":[1,0,0,0,0,0,0,0,0,0,0,0,0,0,0,0,0,0,0,0,0,0,0,0,0,0,0,0,0,0,0,0,0,0,0,0,0,0,0,0,0,0,0,0,0,0,0,0,0,0,1,1,0,0,0,0,0,0,0,0,0,0,0,2]},"parameters/graph_8network.0.bias":{"bins":[-1.155474066734314,-1.1190086603164673,-1.0825432538986206,-1.046077847480774,-1.0096124410629272,-0.9731469750404358,-0.9366815686225891,-0.9002161622047424,-0.8637507557868958,-0.8272853493690491,-0.7908199429512024,-0.7543545365333557,-0.7178890705108643,-0.6814236640930176,-0.6449582576751709,-0.6084928512573242,-0.5720274448394775,-0.5355620384216309,-0.4990966320037842,-0.4626311957836151,-0.42616578936576843,-0.38970038294792175,-0.3532349467277527,-0.316769540309906,-0.2803041338920593,-0.24383872747421265,-0.20737330615520477,-0.1709078848361969,-0.13444247841835022,-0.09797706454992294,-0.061511650681495667,-0.02504623681306839,0.011419177055358887,0.04788459092378616,0.08435000479221344,0.12081541866064072,0.157280832529068,0.19374623894691467,0.23021166026592255,0.2666770815849304,0.3031424880027771,0.3396078944206238,0.37607330083847046,0.4125387370586395,0.4490041434764862,0.4854695498943329,0.521934986114502,0.5584003925323486,0.5948657989501953,0.631331205368042,0.6677966117858887,0.7042620182037354,0.740727424621582,0.7771928906440735,0.8136582970619202,0.8501237034797668,0.8865891098976135,0.9230545163154602,0.9595199227333069,0.9959853291511536,1.032450795173645,1.0689162015914917,1.1053816080093384,1.141847014427185,1.1783124208450317],"_type":"histogram","values":[1,0,0,0,0,0,0,0,0,0,0,0,0,0,0,0,0,0,0,0,0,1,0,0,0,0,0,0,0,0,0,0,0,0,0,0,0,0,0,0,0,0,0,1,0,0,0,0,0,0,0,0,0,0,1,0,0,0,0,0,0,0,0,1]},"parameters/graph_8network.4.weight":{"_type":"histogram","values":[2,1,0,0,0,0,0,0,0,0,0,0,0,0,0,0,0,0,0,0,0,0,0,0,0,0,0,0,0,0,0,0,0,0,0,0,0,1,0,0,0,0,0,0,0,0,0,0,0,0,0,0,0,0,0,0,0,0,0,0,0,0,0,1],