{"_step":49,"parameters/graph_5network.2.weight":{"_type":"histogram","values":[2,0,0,1,1,0,0,1,0,0,1,0,0,0,0,0,0,0,0,0,1,0,0,0,0,0,0,0,0,0,0,0,0,0,0,0,0,0,0,0,0,0,0,0,0,0,0,0,1,0,0,1,0,0,0,0,0,0,0,0,0,0,0,1],"bins":[-3.715855598449707,-3.605801582336426,-3.4957475662231445,-3.3856935501098633,-3.275639533996582,-3.1655852794647217,-3.0555312633514404,-2.945477247238159,-2.835423231124878,-2.7253692150115967,-2.6153151988983154,-2.505261182785034,-2.395206928253174,-2.2851529121398926,-2.1750988960266113,-2.06504487991333,-1.9549908638000488,-1.8449368476867676,-1.7348828315734863,-1.6248286962509155,-1.5147746801376343,-1.404720664024353,-1.2946665287017822,-1.184612512588501,-1.0745584964752197,-0.9645044803619385,-0.8544504046440125,-0.7443963289260864,-0.6343423128128052,-0.5242882966995239,-0.4142342209815979,-0.30418017506599426,-0.19412589073181152,-0.08407184481620789,0.025982201099395752,0.1360362470149994,0.24609029293060303,0.35614433884620667,0.4661983847618103,0.5762524604797363,0.6863064765930176,0.7963604927062988,0.9064145684242249,1.0164686441421509,1.1265226602554321,1.2365766763687134,1.3466308116912842,1.4566848278045654,1.5667388439178467,1.676792860031128,1.7868468761444092,1.89690101146698,2.006955146789551,2.117009162902832,2.2270631790161133,2.3371171951293945,2.447171211242676,2.557225227355957,2.6672792434692383,2.7773332595825195,2.887387275695801,2.997441530227661,3.1074955463409424,3.2175495624542236,3.327603578567505]},"epoch":50,"_wandb":{"runtime":3},"parameters/graph_5network.0.weight":{"_type":"histogram","values":[2,1,0,2,0,1,0,0,0,0,0,0,0,0,0,1,0,1,1,0,1,0,0,0,0,0,0,0,0,0,0,0,0,0,0,0,0,0,0,0,0,0,0,0,0,0,1,0,0,1,1,0,0,1,0,0,0,1,0,0,2,0,2,1],"bins":[-3.649285078048706,-3.535602331161499,-3.421919584274292,-3.308236837387085,-3.194554090499878,-3.080871343612671,-2.9671883583068848,-2.8535056114196777,-2.7398228645324707,-2.6261401176452637,-2.5124573707580566,-2.3987746238708496,-2.2850918769836426,-2.1714091300964355,-2.0577263832092285,-1.944043517112732,-1.830360770225525,-1.7166780233383179,-1.6029952764511108,-1.4893124103546143,-1.3756296634674072,-1.2619469165802002,-1.1482641696929932,-1.0345814228057861,-0.9208986163139343,-0.8072158694267273,-0.6935330629348755,-0.5798503160476685,-0.46616753935813904,-0.3524847626686096,-0.2388020008802414,-0.12511923909187317,-0.01143646240234375,0.10224630683660507,0.2159290760755539,0.3296118378639221,0.44329461455345154,0.556977391242981,0.670660138130188,0.7843429446220398,0.8980256915092468,1.0117084980010986,1.1253912448883057,1.2390739917755127,1.3527567386627197,1.4664394855499268,1.5801223516464233,1.6938050985336304,1.8074878454208374,1.9211705923080444,2.034853458404541,2.148536205291748,2.262218952178955,2.375901699066162,2.489584445953369,2.603267192840576,2.716949939727783,2.8306326866149902,2.9443154335021973,3.0579984188079834,3.1716811656951904,3.2853639125823975,3.3990466594696045,3.5127294063568115,3.6264121532440186]},"_runtime":3,"parameters/graph_5network.2.bias":{"values":[1],"bins":[0.19365857541561127,0.19365857541561127],"_type":"histogram"},"gradients/graph_5network.0.bias":{"bins":[-2.8214706617291085e-05,-2.719103213166818e-05,-2.616735946503468e-05,-2.5143684979411773e-05,-2.4120012312778272e-05,-2.3096337827155367e-05,-2.2072665160521865e-05,-2.104899067489896e-05,-2.0025316189276055e-05,-1.9001643522642553e-05,-1.7977969037019648e-05,-1.6954296370386146e-05,-1.593062188476324e-05,-1.4906948308635037e-05,-1.3883274732506834e-05,-1.285960115637863e-05,-1.1835927580250427e-05,-1.0812254004122224e-05,-9.78858042799402e-06,-8.764906851865817e-06,-7.741233275737613e-06,-6.717559244862059e-06,-5.693885213986505e-06,-4.670211637858301e-06,-3.646538061730098e-06,-2.6228644856018946e-06,-1.5991906821000157e-06,-5.755169922849745e-07,4.481566975300666e-07,1.4718303873451077e-06,2.495504077160149e-06,3.5191778806620277e-06,4.542849637800828e-06,5.566523213929031e-06,6.5901967900572345e-06,7.613870820932789e-06,8.637543942313641e-06,9.661218427936547e-06,1.068489200406475e-05,1.1708565580192953e-05,1.2732239156321157e-05,1.375591273244936e-05,1.4779586308577564e-05,1.5803259884705767e-05,1.6826934370328672e-05,1.7850607036962174e-05,1.887428152258508e-05,1.989795418921858e-05,2.0921628674841486e-05,2.194530316046439e-05,2.2968975827097893e-05,2.3992650312720798e-05,2.50163229793543e-05,2.6039997464977205e-05,2.7063670131610706e-05,2.808734461723361e-05,2.9111019102856517e-05,3.013469176949002e-05,3.115836443612352e-05,3.218204074073583e-05,3.320571340736933e-05,3.422938607400283e-05,3.5253058740636334e-05,3.627673504524864e-05,3.7300407711882144e-05],"_type":"histogram","values":[1,0,0,0,0,0,1,0,0,0,0,0,0,0,0,0,0,2,0,0,1,1,0,0,0,0,0,0,2,0,0,0,0,0,0,0,0,0,0,0,0,0,0,0,0,0,0,0,1,0,0,0,0,0,0,0,0,0,0,0,0,0,0,1]},"gradients/graph_5network.2.bias":{"_type":"histogram","values":[1],"bins":[-2.687949290702818e-06,-2.687949290702818e-06]},"val_accuracy":100,"parameters/graph_5network.0.bias":{"values":[1,0,0,0,0,0,1,0,0,0,0,0,0,0,0,0,0,0,0,1,0,0,0,0,0,0,0,0,0,0,0,0,0,0,0,0,0,0,0,0,0,0,0,0,0,0,0,0,0,0,0,3,0,1,0,1,0,0,1,0,0,0,0,1],"bins":[-3.5291459560394287,-3.4300923347473145,-3.3310387134552,-3.231985092163086,-3.1329314708709717,-3.0338778495788574,-2.934824228286743,-2.835770606994629,-2.7367167472839355,-2.6376631259918213,-2.538609504699707,-2.4395558834075928,-2.3405022621154785,-2.2414486408233643,-2.14239501953125,-2.0433413982391357,-1.9442877769470215,-1.8452341556549072,-1.746180534362793,-1.6471269130706787,-1.5480732917785645,-1.4490195512771606,-1.3499659299850464,-1.2509123086929321,-1.1518586874008179,-1.0528050661087036,-0.9537514448165894,-0.8546977639198303,-0.7556441426277161,-0.6565905213356018,-0.5575368404388428,-0.4584832191467285,-0.35942935943603516,-0.2603757381439209,-0.16132208704948425,-0.0622684508562088,0.03678518533706665,0.1358388215303421,0.23489245772361755,0.3339461088180542,0.43299973011016846,0.5320533514022827,0.631106972694397,0.730160653591156,0.8292142748832703,0.9282678961753845,1.0273215770721436,1.1263751983642578,1.225428819656372,1.3244824409484863,1.4235360622406006,1.5225896835327148,1.621643304824829,1.720697045326233,1.8197506666183472,1.9188042879104614,2.0178580284118652,2.1169116497039795,2.2159652709960938,2.315018892288208,2.4140725135803223,2.5131261348724365,2.612179756164551,2.711233377456665,2.8102869987487793],"_type":"histogram"},"gradients/graph_5network.0.weight":{"_type":"histogram","values":[1,0,0,0,0,0,1,0,0,0,0,0,0,0,0,0,0,0,0,0,0,0,0,0,1,3,0,9,1,0,2,0,0,0,0,0,0,0,0,0,0,0,0,0,0,0,0,0,1,0,0,0,0,0,0,0,0,0,0,0,0,0,0,1],