{"_step":49,"parameters/graph_10network.0.bias":{"values":[1,0,0,0,0,0,0,0,0,0,0,0,0,0,0,0,0,0,0,0,0,0,0,0,0,0,0,0,0,0,0,0,0,0,0,0,1,1,0,1,0,0,0,0,0,0,0,0,0,0,0,0,0,0,0,0,0,0,0,0,0,0,0,1],"bins":[-2.001426935195923,-1.8944728374481201,-1.7875187397003174,-1.680564522743225,-1.5736104249954224,-1.4666563272476196,-1.3597021102905273,-1.2527480125427246,-1.1457939147949219,-1.0388398170471191,-0.9318856596946716,-0.8249315023422241,-0.7179774045944214,-0.6110233068466187,-0.5040691494941711,-0.397115021944046,-0.2901608943939209,-0.18320676684379578,-0.07625263929367065,0.030701488256454468,0.1376556158065796,0.2446097433567047,0.35156387090682983,0.45851799845695496,0.5654721260070801,0.6724262237548828,0.7793803811073303,0.8863345384597778,0.9932886362075806,1.1002427339553833,1.2071969509124756,1.3141510486602783,1.4211053848266602,1.528059482574463,1.6350135803222656,1.741967797279358,1.8489218950271606,1.9558759927749634,2.0628302097320557,2.1697843074798584,2.276738405227661,2.383692502975464,2.4906466007232666,2.5976006984710693,2.704555034637451,2.811509132385254,2.9184632301330566,3.0254173278808594,3.132371425628662,3.239325523376465,3.3462796211242676,3.4532337188720703,3.560187816619873,3.667142152786255,3.7740962505340576,3.8810503482818604,3.988004446029663,4.094958782196045,4.201912879943848,4.30886697769165,4.415821075439453,4.522775173187256,4.629729270935059,4.736683368682861,4.843637466430664],"_type":"histogram"},"_timestamp":1.7642543861338673e+09,"_wandb":{"runtime":2},"train_loss":6.343898593331687e-05,"gradients/graph_10network.2.weight":{"bins":[-3.906774873030372e-05,-3.7959958717692643e-05,-3.6852172343060374e-05,-3.57443823304493e-05,-3.463659231783822e-05,-3.3528802305227146e-05,-3.242101229261607e-05,-3.13132259179838e-05,-3.0205435905372724e-05,-2.9097645892761648e-05,-2.7989857699139975e-05,-2.6882069505518302e-05,-2.5774279492907226e-05,-2.466648948029615e-05,-2.3558701286674477e-05,-2.2450913093052804e-05,-2.1343123080441728e-05,-2.0235333067830652e-05,-1.912754487420898e-05,-1.8019756680587307e-05,-1.691196666797623e-05,-1.5804176655365154e-05,-1.4696388461743481e-05,-1.3588599358627107e-05,-1.2480810255510733e-05,-1.1373021152394358e-05,-1.0265232049277984e-05,-9.157442946161609e-06,-8.049653843045235e-06,-6.94186473992886e-06,-5.834075636812486e-06,-4.726286533696111e-06,-3.618497430579737e-06,-2.5107083274633624e-06,-1.402919224346988e-06,-2.9513012123061344e-07,8.12658981885761e-07,1.9204480850021355e-06,3.02823718811851e-06,4.136026291234884e-06,5.243815394351259e-06,6.351604497467633e-06,7.459393600584008e-06,8.567182703700382e-06,9.674971806816757e-06,1.0782760909933131e-05,1.1890550013049506e-05,1.299833911616588e-05,1.4106128219282255e-05,1.5213917322398629e-05,1.6321706425515004e-05,1.7429494619136676e-05,1.8537284631747752e-05,1.964507464435883e-05,2.07528628379805e-05,2.1860651031602174e-05,2.296844104421325e-05,2.4076231056824327e-05,2.5184019250446e-05,2.6291807444067672e-05,2.7399597456678748e-05,2.8507387469289824e-05,2.9615175662911497e-05,3.072296385653317e-05,3.1830753869144246e-05],"_type":"histogram","values":[1,0,0,0,0,0,0,0,0,0,0,0,0,0,0,0,0,0,0,1,0,0,0,0,0,0,0,1,1,0,0,0,0,0,0,0,0,0,0,0,0,0,0,0,0,0,0,0,0,0,0,0,0,0,0,0,0,0,0,0,0,0,0,1]},"epoch":50,"val_loss":5.172724724980071e-05,"_runtime":2,"parameters/graph_10network.2.bias":{"values":[1],"bins":[1.486258864402771,1.486258864402771],"_type":"histogram"},"train_accuracy":100,"gradients/graph_10network.2.bias":{"_type":"histogram","values":[1],"bins":[-9.414639862370677e-06,-9.414639862370677e-06]},"gradients/graph_10network.0.weight":{"bins":[-1.3908833352616057e-05,-1.3520258107746486e-05,-1.3131683772371616e-05,-1.2743108527502045e-05,-1.2354533282632474e-05,-1.1965958947257604e-05,-1.1577383702388033e-05,-1.1188808457518462e-05,-1.0800234122143593e-05,-1.0411658877274022e-05,-1.002308363240445e-05,-9.634509297029581e-06,-9.24593405216001e-06,-8.857358807290439e-06,-8.46878447191557e-06,-8.080209227045998e-06,-7.691634891671129e-06,-7.303059646801557e-06,-6.914484401931986e-06,-6.525909611809766e-06,-6.137334821687546e-06,-5.7487595768179744e-06,-5.360184786695754e-06,-4.971609996573534e-06,-4.583034751703963e-06,-4.194459961581742e-06,-3.805885171459522e-06,-3.4173101539636264e-06,-3.0287351364677306e-06,-2.6401603463455103e-06,-2.2515853288496146e-06,-1.8630104250405566e-06,-1.4744355212314986e-06,-1.0858606174224406e-06,-6.972856567699637e-07,-3.0871072453919624e-07,7.986420769157121e-08,4.6843913992233865e-07,8.570140721531061e-07,1.245589032805583e-06,1.634163936614641e-06,2.0227389541105367e-06,2.411313744232757e-06,2.7998887617286528e-06,3.1884637792245485e-06,3.5770385693467688e-06,3.965613359468989e-06,4.35418860433856e-06,4.7427633944607805e-06,5.131338184583001e-06,5.519913429452572e-06,5.908488219574792e-06,6.297063009697013e-06,6.685638254566584e-06,7.074213044688804e-06,7.462787834811024e-06,7.851363079680596e-06,8.239937415055465e-06,8.628512659925036e-06,9.017087904794607e-06,9.405662240169477e-06,9.794237485039048e-06,1.0182812729908619e-05,1.0571387065283488e-05,1.095996231015306e-05],"_type":"histogram","values":[1,0,0,0,0,0,0,0,0,0,0,0,0,0,0,0,0,0,0,0,0,0,0,0,0,0,3,0,1,0,1,0,0,0,0,0,0,0,1,0,0,0,0,1,0,0,0,0,0,1,0,0,0,0,0,0,0,0,0,0,0,0,0,1]},"parameters/graph_10network.0.weight":{"_type":"histogram","values":[1,1,0,0,1,1,1,0,1,0,0,1,0,0,0,0,0,0,0,0,0,0,0,0,0,0,0,0,0,0,0,0,0,0,0,0,0,0,0,0,0,0,0,0,0,0,0,0,0,0,0,0,0,0,0,0,0,0,1,0,0,1,0,1],"bins":[-4.437509536743164,-4.304582118988037,-4.17165470123291,-4.038726806640625,-3.905799388885498,-3.772871971130371,-3.639944314956665,-3.507016897201538,-3.374089241027832,-3.241161823272705,-3.108234405517578,-2.975306749343872,-2.842379331588745,-2.709451675415039,-2.576524257659912,-2.443596601486206,-2.310669183731079,-2.177741765975952,-2.044814109802246,-1.9118865728378296,-1.778959035873413,-1.6460316181182861,-1.5131040811538696,-1.3801765441894531,-1.2472490072250366,-1.1143214702606201,-0.9813939332962036,-0.8484664559364319,-0.7155389189720154,-0.5826113820075989,-0.44968387484550476,-0.31675636768341064,-0.18382883071899414,-0.05090130865573883,0.08202621340751648,0.2149537354707718,0.3478812575340271,0.4808087944984436,0.6137362718582153,0.7466638088226318,0.8795913457870483,1.0125188827514648,1.1454464197158813,1.2783739566802979,1.4113013744354248,1.5442289113998413,1.6771564483642578,1.8100839853286743,1.9430115222930908,2.0759389400482178,2.208866596221924,2.341794013977051,2.474721670150757,2.607649087905884,2.74057674407959,2.873504161834717,3.0064315795898438,3.13935923576355,3.2722866535186768,3.405214309692383,3.5381417274475098,3.671069383621216,3.8039968013763428,3.936924457550049,4.069851875305176]},"val_accuracy":100,"gradients/graph_10network.0.bias":{"_type":"histogram","values":[1,0,0,0,0,0,0,0,0,0,1,0,0,0,0,1,0,0,0,0,0,0,0,0,0,0,0,0,0,0,0,0,0,0,0,0,0,0,0,1,0,0,0,0,0,0,0,0,0,0,0,0,0,0,0,0,0,0,0,0,0,0,0,1],