{"gradients/graph_30network.4.bias":{"bins":[2.509044406906469e-06,2.509044406906469e-06],"_type":"histogram","values":[1]},"_timestamp":1.7642546183843296e+09,"gradients/graph_30network.0.weight":{"_type":"histogram","values":[1,0,1,0,0,1,0,0,1,0,0,0,0,1,0,0,1,2,0,3,0,0,0,1,0,0,3,1,0,2,1,0,0,0,1,3,0,2,2,1,0,1,2,1,1,0,0,1,1,0,1,1,1,1,0,0,0,0,0,0,0,0,0,1],"bins":[-1.5250981277858955e-06,-1.4734079059053329e-06,-1.4217175703379326e-06,-1.37002734845737e-06,-1.3183371265768073e-06,-1.2666469046962447e-06,-1.2149565691288444e-06,-1.1632663472482818e-06,-1.1115761253677192e-06,-1.0598857898003189e-06,-1.0081955679197563e-06,-9.565053460391937e-07,-9.048150673152122e-07,-8.531248454346496e-07,-8.014345667106682e-07,-7.497443448301055e-07,-6.980540661061241e-07,-6.463637873821426e-07,-5.9467356550158e-07,-5.429832867775986e-07,-4.91293064897036e-07,-4.396027861730545e-07,-3.8791253587078245e-07,-3.362222855685104e-07,-2.845320352662384e-07,-2.3284178496396635e-07,-1.8115153466169431e-07,-1.2946127014856756e-07,-7.777101984629553e-08,-2.6080765991309818e-08,2.5609487863675895e-08,7.729974527137529e-08,1.2898999557364732e-07,1.8068024587591935e-07,2.323704961781914e-07,2.840607464804634e-07,3.3575099678273546e-07,3.874412755067169e-07,4.3913152580898895e-07,4.90821776111261e-07,5.425119979918236e-07,5.942022767158051e-07,6.458925554397865e-07,6.975827773203491e-07,7.492730560443306e-07,8.009632779248932e-07,8.526535566488747e-07,9.043437785294373e-07,9.560340004099999e-07,1.0077243359774002e-06,1.0594145578579628e-06,1.1111047797385254e-06,1.1627951153059257e-06,1.2144853371864883e-06,1.266175559067051e-06,1.3178657809476135e-06,1.3695561165150139e-06,1.4212463383955765e-06,1.472936560276139e-06,1.5246268958435394e-06,1.576317117724102e-06,1.6280073396046646e-06,1.6796975614852272e-06,1.7313878970526275e-06,1.7830781189331901e-06]},"_step":49,"val_accuracy":100,"parameters/graph_30network.4.weight":{"_type":"histogram","values":[1,0,1,1,2,0,1,3,0,1,1,1,0,1,0,0,0,0,0,0,0,0,0,0,0,0,0,1,0,0,0,0,0,0,0,0,0,0,0,1,0,0,0,0,0,0,0,0,0,0,0,0,0,1,0,1,0,1,0,0,0,0,0,2],"bins":[-1.4299335479736328,-1.3830150365829468,-1.3360965251922607,-1.2891780138015747,-1.2422595024108887,-1.195340871810913,-1.148422360420227,-1.101503849029541,-1.054585337638855,-1.007666826248169,-0.9607483148574829,-0.9138297438621521,-0.8669112324714661,-0.81999272108078,-0.7730741500854492,-0.7261556386947632,-0.6792371273040771,-0.6323186159133911,-0.5854001045227051,-0.5384815335273743,-0.49156302213668823,-0.4446445107460022,-0.3977259695529938,-0.35080742835998535,-0.3038889169692993,-0.2569704055786133,-0.21005186438560486,-0.16313333809375763,-0.1162148118019104,-0.06929628551006317,-0.022377759218215942,0.024540767073631287,0.07145929336547852,0.11837781965732574,0.16529634594917297,0.2122148722410202,0.25913339853286743,0.30605190992355347,0.3529704511165619,0.3998889923095703,0.44680750370025635,0.4937260150909424,0.5406445264816284,0.5875630974769592,0.6344816088676453,0.6814001202583313,0.7283186912536621,0.7752372026443481,0.8221557140350342,0.8690742254257202,0.9159927368164062,0.9629113078117371,1.0098297595977783,1.056748390197754,1.10366690158844,1.150585412979126,1.197503924369812,1.244422435760498,1.291340947151184,1.3382594585418701,1.3851780891418457,1.4320966005325317,1.4790151119232178,1.5259336233139038,1.5728521347045898]},"parameters/graph_30network.2.weight":{"values":[2,0,1,6,2,4,3,1,3,3,5,5,4,1,5,4,8,1,4,7,7,9,6,10,8,9,11,14,9,12,12,10,20,11,12,14,7,13,7,11,6,10,9,11,10,7,4,6,11,6,6,8,4,5,3,1,0,2,2,2,0,2,3,1],"bins":[-1.736363410949707,-1.6837992668151855,-1.631235122680664,-1.5786709785461426,-1.526106834411621,-1.47354257106781,-1.4209784269332886,-1.368414282798767,-1.3158501386642456,-1.2632859945297241,-1.2107218503952026,-1.1581577062606812,-1.1055934429168701,-1.0530292987823486,-1.0004651546478271,-0.9479010105133057,-0.8953368663787842,-0.8427727222442627,-0.7902085781097412,-0.737644374370575,-0.6850802302360535,-0.632516086101532,-0.5799518823623657,-0.5273877382278442,-0.47482359409332275,-0.42225944995880127,-0.3696952760219574,-0.3171311020851135,-0.26456695795059204,-0.21200279891490936,-0.15943863987922668,-0.106874480843544,-0.05431020259857178,-0.0017460435628890991,0.05081811547279358,0.10338227450847626,0.15594643354415894,0.2085105925798416,0.2610747516155243,0.31363892555236816,0.36620306968688965,0.41876721382141113,0.471331387758255,0.5238955616950989,0.5764597058296204,0.6290238499641418,0.6815880537033081,0.7341521978378296,0.7867163419723511,0.8392804861068726,0.891844630241394,0.9444088339805603,0.9969729781150818,1.049537181854248,1.1021013259887695,1.154665470123291,1.2072296142578125,1.259793758392334,1.3123579025268555,1.364922046661377,1.4174861907958984,1.4700504541397095,1.522614598274231,1.5751787424087524,1.627742886543274],"_type":"histogram"},"_wandb":{"runtime":3},"_runtime":3,"val_loss":5.861066045326879e-06,"gradients/graph_30network.4.weight":{"_type":"histogram","values":[3,0,1,0,0,0,0,0,0,0,0,0,0,0,1,0,0,0,0,0,0,0,0,0,0,0,1,0,0,0,0,0,0,0,0,0,0,3,0,0,0,0,5,0,0,0,0,1,0,1,1,0,0,0,0,0,0,0,0,0,1,0,1,1],"bins":[-4.803454430657439e-06,-4.653702490031719e-06,-4.5039505494059995e-06,-4.35419860878028e-06,-4.20444666815456e-06,-4.05469472752884e-06,-3.904942786903121e-06,-3.7551910736510763e-06,-3.6054391330253566e-06,-3.455687192399637e-06,-3.305935251773917e-06,-3.1561833111481974e-06,-3.006431597896153e-06,-2.8566796572704334e-06,-2.7069277166447137e-06,-2.557175776018994e-06,-2.407423835393274e-06,-2.2576718947675545e-06,-2.1079199541418348e-06,-1.958168013516115e-06,-1.808416186577233e-06,-1.6586642459515133e-06,-1.5089124190126313e-06,-1.3591604783869116e-06,-1.2094085377611918e-06,-1.0596565971354721e-06,-9.099047133531712e-07,-7.601528295708704e-07,-6.104008889451507e-07,-4.6064897674114036e-07,-3.1089706453713006e-07,-1.6114515233311977e-07,-1.1393240129109472e-08,1.3835867207490082e-07,2.881105842789111e-07,4.378624964829214e-07,5.876144086869317e-07,7.373663493126514e-07,8.871182330949523e-07,1.0368701168772532e-06,1.1866220575029729e-06,1.3363739981286926e-06,1.4861259387544123e-06,1.6358777656932944e-06,1.785629706319014e-06,1.935381533257896e-06,2.085133473883616e-06,2.2348854145093355e-06,2.3846373551350553e-06,2.534389295760775e-06,2.6841412363864947e-06,2.8338931770122144e-06,2.983645117637934e-06,3.1333968308899784e-06,3.283148771515698e-06,3.432900712141418e-06,3.5826526527671376e-06,3.7324045933928574e-06,3.882156306644902e-06,4.031908247270621e-06,4.181660187896341e-06,4.331412128522061e-06,4.4811640691477805e-06,4.6309160097735e-06,4.78066795039922e-06]},"parameters/graph_30network.0.weight":{"bins":[-2.302900791168213,-2.2326924800872803,-2.1624839305877686,-2.092275619506836,-2.022067070007324,-1.9518587589263916,-1.8816503286361694,-1.8114418983459473,-1.741233468055725,-1.671025037765503,-1.6008166074752808,-1.5306081771850586,-1.460399866104126,-1.3901914358139038,-1.3199830055236816,-1.2497745752334595,-1.1795661449432373,-1.1093577146530151,-1.039149284362793,-0.9689409136772156,-0.8987324833869934,-0.8285240530967712,-0.7583156824111938,-0.6881072521209717,-0.6178988218307495,-0.5476903915405273,-0.47748199105262756,-0.4072735905647278,-0.3370651602745056,-0.26685672998428345,-0.19664832949638367,-0.1264399141073227,-0.05623126029968262,0.013977155089378357,0.08418557047843933,0.1543939858675003,0.22460240125656128,0.29481083154678345,0.3650192320346832,0.435227632522583,0.5054360628128052,0.5756444931030273,0.6458529233932495,0.7160612940788269,0.7862697243690491,0.8564781546592712,0.9266865253448486,0.9968949556350708,1.067103385925293,1.1373118162155151,1.2075202465057373,1.2777286767959595,1.3479371070861816,1.4181454181671143,1.4883538484573364,1.5585622787475586,1.6287707090377808,1.698979139328003,1.769187569618225,1.8393959999084473,1.9096043109893799,1.979812741279602,2.050021171569824,2.120229721069336,2.1904380321502686],"_type":"histogram",