{"_timestamp":1.764254375282273e+09,"parameters/graph_9network.2.weight":{"values":[1,0,0,0,0,0,0,0,0,0,0,0,0,0,0,1,0,1,0,0,0,0,0,0,0,0,0,0,0,0,0,0,0,0,0,0,0,0,0,0,0,0,1,0,0,1,0,0,1,0,1,0,0,0,0,0,1,1,0,0,0,0,0,1],"bins":[-3.3844776153564453,-3.265038251876831,-3.1455986499786377,-3.0261592864990234,-2.90671968460083,-2.787280321121216,-2.6678407192230225,-2.548401355743408,-2.428961753845215,-2.3095223903656006,-2.1900827884674072,-2.070643424987793,-1.9512039422988892,-1.8317644596099854,-1.7123249769210815,-1.5928854942321777,-1.473446011543274,-1.3540065288543701,-1.2345670461654663,-1.1151275634765625,-0.9956880807876587,-0.8762486577033997,-0.7568091750144958,-0.637369692325592,-0.5179302096366882,-0.3984907269477844,-0.2790512442588806,-0.1596117913722992,-0.040172308683395386,0.07926716655492783,0.19870664179325104,0.31814610958099365,0.43758559226989746,0.5570250749588013,0.6764645576477051,0.7959040403366089,0.9153435230255127,1.0347830057144165,1.1542224884033203,1.2736619710922241,1.393101453781128,1.5125408172607422,1.631980299949646,1.7514197826385498,1.8708592653274536,1.9902987480163574,2.109738349914551,2.229177713394165,2.3486170768737793,2.4680566787719727,2.587496042251587,2.7069356441497803,2.8263750076293945,2.945814609527588,3.065253973007202,3.1846935749053955,3.3041329383850098,3.423572540283203,3.5430119037628174,3.6624515056610107,3.781890869140625,3.9013304710388184,4.020770072937012,4.140209197998047,4.25964879989624],"_type":"histogram"},"gradients/graph_9network.0.bias":{"_type":"histogram","values":[1,0,0,0,0,0,0,0,0,0,1,0,0,1,0,0,0,2,0,0,0,0,0,0,1,0,0,0,1,0,1,0,0,0,0,0,0,1,0,0,0,0,0,0,0,0,0,0,0,0,0,0,0,0,0,0,0,0,0,0,0,0,0,1],"bins":[-9.923674042511266e-06,-9.248512469639536e-06,-8.573350896767806e-06,-7.898189323896077e-06,-7.223028205771698e-06,-6.547866632899968e-06,-5.872705514775589e-06,-5.197543941903859e-06,-4.52238236903213e-06,-3.8472207961604e-06,-3.1720594506623456e-06,-2.4968981051642913e-06,-1.8217365322925616e-06,-1.1465750731076696e-06,-4.714136139227776e-07,2.0374784526211442e-07,8.789093044470064e-07,1.5540707636318984e-06,2.2292322228167905e-06,2.9043935683148447e-06,3.5795551411865745e-06,4.254716714058304e-06,4.929877832182683e-06,5.605039405054413e-06,6.2802009779261425e-06,6.955362550797872e-06,7.630524123669602e-06,8.305685696541332e-06,8.980847269413061e-06,9.65600793279009e-06,1.0331169505661819e-05,1.1006331078533549e-05,1.1681491741910577e-05,1.2356653314782307e-05,1.3031814887654036e-05,1.3706976460525766e-05,1.4382138033397496e-05,1.5057298696774524e-05,1.5732461179140955e-05,1.6407622752012685e-05,1.7082784324884415e-05,1.775794407876674e-05,1.843310565163847e-05,1.91082672245102e-05,1.978342879738193e-05,2.045859037025366e-05,2.113375194312539e-05,2.180891351599712e-05,2.248407508886885e-05,2.315923666174058e-05,2.383439823461231e-05,2.4509559807484038e-05,2.5184721380355768e-05,2.5859882953227498e-05,2.6535044526099227e-05,2.7210206098970957e-05,2.7885365852853283e-05,2.8560527425725013e-05,2.9235688998596743e-05,2.9910850571468472e-05,3.05860121443402e-05,3.126117371721193e-05,3.193633529008366e-05,3.261149686295539e-05,3.328665843582712e-05]},"parameters/graph_9network.0.weight":{"_type":"histogram","values":[1,0,1,1,0,0,1,1,0,1,2,1,0,0,0,2,1,0,0,0,0,0,0,0,0,0,0,0,0,0,0,0,0,0,0,0,0,0,0,0,0,0,0,0,0,0,0,0,0,0,0,1,1,0,2,2,0,0,0,0,0,0,1,1],"bins":[-4.228827476501465,-4.091238021850586,-3.953648567199707,-3.816058874130249,-3.67846941947937,-3.540879964828491,-3.403290271759033,-3.2657008171081543,-3.1281113624572754,-2.9905219078063965,-2.8529324531555176,-2.7153427600860596,-2.5777533054351807,-2.4401638507843018,-2.3025741577148438,-2.164984703063965,-2.027395248413086,-1.889805793762207,-1.7522162199020386,-1.6146266460418701,-1.4770371913909912,-1.3394477367401123,-1.2018581628799438,-1.0642685890197754,-0.9266791343688965,-0.7890896201133728,-0.6515001058578491,-0.5139105916023254,-0.37632107734680176,-0.23873156309127808,-0.1011420488357544,0.03644746541976929,0.17403745651245117,0.31162697076797485,0.44921648502349854,0.5868059992790222,0.7243955135345459,0.8619850277900696,0.9995745420455933,1.1371641159057617,1.2747535705566406,1.4123430252075195,1.549932599067688,1.6875221729278564,1.8251116275787354,1.9627010822296143,2.1002907752990723,2.237880229949951,2.37546968460083,2.513059139251709,2.650648593902588,2.788238286972046,2.925827741622925,3.0634171962738037,3.2010068893432617,3.3385963439941406,3.4761857986450195,3.6137752532958984,3.7513647079467773,3.8889544010162354,4.026543617248535,4.164133548736572,4.301723003387451,4.43931245803833,4.576901912689209]},"gradients/graph_9network.2.weight":{"_type":"histogram","values":[1,0,0,0,3,0,0,0,1,0,0,0,0,0,0,0,0,0,0,0,1,1,0,0,0,0,0,0,0,0,0,0,0,0,0,0,0,0,0,0,0,0,0,0,0,0,0,0,0,0,0,2,0,0,0,0,0,0,0,0,0,0,0,1],"bins":[-3.799047044594772e-05,-3.695193663588725e-05,-3.5913406463805586e-05,-3.4874872653745115e-05,-3.3836338843684644e-05,-3.279780867160298e-05,-3.175927486154251e-05,-3.072074105148204e-05,-2.968220906041097e-05,-2.86436770693399e-05,-2.760514325927943e-05,-2.6566611268208362e-05,-2.5528079277137294e-05,-2.4489545467076823e-05,-2.3451013476005755e-05,-2.2412479665945284e-05,-2.1373947674874216e-05,-2.033541568380315e-05,-1.9296881873742677e-05,-1.825834988267161e-05,-1.7219816072611138e-05,-1.618128408154007e-05,-1.5142752090469003e-05,-1.4104219189903233e-05,-1.3065686289337464e-05,-1.2027153388771694e-05,-1.0988620488205925e-05,-9.950088497134857e-06,-8.911555596569087e-06,-7.873022696003318e-06,-6.834490250184899e-06,-5.7959578043664806e-06,-4.7574230848113075e-06,-3.7188904116192134e-06,-2.6803577384271193e-06,-1.6418250652350252e-06,-6.032923920429312e-07,4.352402811491629e-07,1.473772954341257e-06,2.512305627533351e-06,3.550838300725445e-06,4.589371201291215e-06,5.627903647109633e-06,6.666436092928052e-06,7.704968993493821e-06,8.743501894059591e-06,9.782033885130659e-06,1.0820566785696428e-05,1.1859099686262198e-05,1.2897632586827967e-05,1.3936165487393737e-05,1.4974697478464805e-05,1.6013229469535872e-05,1.7051763279596344e-05,1.809029527066741e-05,1.9128829080727883e-05,2.016736107179895e-05,2.1205893062870018e-05,2.224442687293049e-05,2.3282958864001557e-05,2.432149267406203e-05,2.5360024665133096e-05,2.6398556656204164e-05,2.7437090466264635e-05,2.8475622457335703e-05]},"val_accuracy":100,"gradients/graph_9network.2.bias":{"_type":"histogram","values":[1],"bins":[1.756464916979894e-05,1.756464916979894e-05]},"train_accuracy":100,"train_loss":8.29923695710022e-05,"_wandb":{"runtime":2},"val_loss":6.717723619658499e-05,"_runtime":2,"parameters/graph_9network.2.bias":{"_type":"histogram","values":[1],"bins":[-0.19135183095932007,-0.19135183095932007]},"_step":49,"gradients/graph_9network.0.weight":{"values":[1,0,0,0,0,1,0,0,0,0,0,0,1,2,1,4,0,0,0,1,1,1,1,0,0,1,0,0,0,2,0,0,0,0,1,0,0,0,0,0,0,0,0,0,0,0,0,0,0,1,0,0,0,0,0,0,0,0,0,0,0,0,0,1],