{"parameters/graph_13network.0.weight":{"bins":[-3.9180727005004883,-3.797201156616211,-3.6763296127319336,-3.5554580688476562,-3.434586524963379,-3.3137147426605225,-3.192843198776245,-3.0719716548919678,-2.9511001110076904,-2.830228567123413,-2.7093570232391357,-2.5884854793548584,-2.467613697052002,-2.3467421531677246,-2.2258706092834473,-2.10499906539917,-1.9841275215148926,-1.8632559776306152,-1.742384433746338,-1.621512770652771,-1.5006412267684937,-1.3797696828842163,-1.2588980197906494,-1.138026475906372,-1.0171549320220947,-0.8962833881378174,-0.7754117846488953,-0.6545401811599731,-0.5336686372756958,-0.41279706358909607,-0.29192548990249634,-0.1710539162158966,-0.05018258094787598,0.07068899273872375,0.1915605664253235,0.3124321401119232,0.43330371379852295,0.5541752576828003,0.6750468611717224,0.7959184646606445,0.9167900085449219,1.0376615524291992,1.1585330963134766,1.2794047594070435,1.4002763032913208,1.5211478471755981,1.642019510269165,1.7628910541534424,1.8837625980377197,2.004634141921997,2.1255056858062744,2.2463772296905518,2.367249011993408,2.4881205558776855,2.608992099761963,2.7298636436462402,2.8507351875305176,2.971606731414795,3.0924782752990723,3.2133498191833496,3.334221363067627,3.4550931453704834,3.5759646892547607,3.696836233139038,3.8177077770233154],"_type":"histogram","values":[1,0,0,0,1,0,2,3,1,0,0,3,0,0,1,1,2,1,1,1,0,0,0,0,0,1,0,1,2,1,1,1,2,6,2,0,1,0,0,3,0,1,1,1,1,1,0,0,1,0,0,1,1,0,0,0,0,2,5,3,1,0,1,1]},"_step":49,"_runtime":3,"train_accuracy":100,"_timestamp":1.7642544295572512e+09,"val_loss":6.4301281072403075e-06,"parameters/graph_13network.2.weight":{"values":[1,0,0,0,0,0,1,2,3,1,0,0,0,0,1,2,0,0,0,0,0,0,0,0,1,0,0,1,2,2,1,2,0,1,1,0,0,0,0,0,1,0,0,0,1,0,1,0,0,0,1,1,0,0,0,1,0,1,0,0,0,0,0,1],"bins":[-2.8257930278778076,-2.7321369647979736,-2.6384809017181396,-2.5448248386383057,-2.4511685371398926,-2.3575124740600586,-2.2638564109802246,-2.1702003479003906,-2.0765442848205566,-1.9828882217407227,-1.8892321586608887,-1.7955759763717651,-1.7019199132919312,-1.6082638502120972,-1.5146076679229736,-1.4209516048431396,-1.3272955417633057,-1.2336394786834717,-1.1399834156036377,-1.0463272333145142,-0.9526711702346802,-0.8590151071548462,-0.7653589844703674,-0.6717028617858887,-0.5780467987060547,-0.4843907058238983,-0.39073461294174194,-0.29707852005958557,-0.2034224271774292,-0.10976633429527283,-0.016110241413116455,0.07754585146903992,0.1712017059326172,0.26485779881477356,0.35851389169692993,0.4521699845790863,0.5458260774612427,0.6394821405410767,0.7331382632255554,0.8267943859100342,0.9204504489898682,1.0141065120697021,1.1077625751495361,1.2014187574386597,1.2950748205184937,1.3887308835983276,1.4823870658874512,1.5760431289672852,1.6696991920471191,1.7633552551269531,1.857011318206787,1.9506675004959106,2.044323444366455,2.137979745864868,2.231635808944702,2.325291872024536,2.41894793510437,2.512603998184204,2.606260061264038,2.699916124343872,2.793572425842285,2.887228488922119,2.980884552001953,3.074540615081787,3.168196678161621],"_type":"histogram"},"gradients/graph_13network.0.bias":{"_type":"histogram","values":[1,0,0,0,0,0,0,0,0,0,0,0,0,1,0,0,0,0,0,1,0,1,0,0,0,0,0,1,2,3,4,2,0,2,2,1,1,3,0,0,1,0,0,0,0,0,2,0,0,0,0,0,0,0,0,1,0,0,0,0,0,0,0,1],"bins":[-4.9435461733082775e-06,-4.7946487029548734e-06,-4.645751232601469e-06,-4.496853762248065e-06,-4.347956746642012e-06,-4.199059276288608e-06,-4.050161805935204e-06,-3.9012643355818e-06,-3.752366865228396e-06,-3.603469394874992e-06,-3.454571924521588e-06,-3.305674681541859e-06,-3.156777211188455e-06,-3.007879740835051e-06,-2.8589824978553224e-06,-2.7100850275019184e-06,-2.5611875571485143e-06,-2.4122900867951103e-06,-2.263392616441706e-06,-2.1144953734619776e-06,-1.9655979031085735e-06,-1.8167004327551695e-06,-1.6678030760886031e-06,-1.5189057194220368e-06,-1.3700082490686327e-06,-1.2211107787152287e-06,-1.0722134220486623e-06,-9.233160085386771e-07,-7.744185950286919e-07,-6.255211815187067e-07,-4.7662376800872153e-07,-3.2772635449873633e-07,-1.7882939573610201e-07,-2.9931982226116816e-08,1.1896543128386838e-07,2.678628447938536e-07,4.167602583038388e-07,5.65657671813824e-07,7.145550853238092e-07,8.634524988337944e-07,1.0123499123437796e-06,1.1612473826971836e-06,1.31014473936375e-06,1.4590420960303163e-06,1.6079395663837204e-06,1.7568370367371244e-06,1.9057343934036908e-06,2.054631750070257e-06,2.203529220423661e-06,2.3524266907770652e-06,2.5013241611304693e-06,2.650221404110198e-06,2.799118874463602e-06,2.948016344817006e-06,3.0969135877967346e-06,3.2458110581501387e-06,3.3947085285035428e-06,3.543605998856947e-06,3.692503469210351e-06,3.841400939563755e-06,3.990297955169808e-06,4.139195425523212e-06,4.288092895876616e-06,4.43699036623002e-06,4.585887836583424e-06]},"gradients/graph_13network.2.weight":{"_type":"histogram","values":[2,1,0,0,1,2,1,0,0,4,1,1,0,0,0,0,1,0,0,0,0,1,0,0,0,0,1,0,0,0,0,0,1,1,0,0,0,1,0,0,0,2,0,0,0,1,1,0,0,0,0,0,0,0,1,1,1,0,2,0,0,0,0,2],"bins":[-3.08136759485933e-06,-2.9858465495635755e-06,-2.8903257316414965e-06,-2.794804686345742e-06,-2.6992836410499876e-06,-2.6037628231279086e-06,-2.508241777832154e-06,-2.4127207325363997e-06,-2.3171996872406453e-06,-2.2216788693185663e-06,-2.126157824022812e-06,-2.0306367787270574e-06,-1.9351159608049784e-06,-1.839594915509224e-06,-1.7440739839003072e-06,-1.6485529386045528e-06,-1.553032006995636e-06,-1.4575110753867193e-06,-1.3619900300909649e-06,-1.2664690984820481e-06,-1.1709480531862937e-06,-1.075427121577377e-06,-9.799061899684602e-07,-8.843852015161247e-07,-7.888642130637891e-07,-6.933432246114535e-07,-5.978222361591179e-07,-5.023013045502012e-07,-4.067803160978656e-07,-3.1125932764553e-07,-2.1573836761490384e-07,-1.2021739337342296e-07,-2.4696646505617537e-08,7.082432773586333e-08,1.663453019773442e-07,2.6186626200797036e-07,3.5738725046030595e-07,4.5290823891264154e-07,5.484291705215583e-07,6.439501589738938e-07,7.394711474262294e-07,8.34992135878565e-07,9.305131243309006e-07,1.0260340559398173e-06,1.121554987548734e-06,1.2170760328444885e-06,1.3125969644534052e-06,1.4081180097491597e-06,1.5036389413580764e-06,1.5991598729669931e-06,1.6946809182627476e-06,1.7902018498716643e-06,1.8857228951674188e-06,1.9812437130894978e-06,2.076764758385252e-06,2.1722858036810067e-06,2.267806848976761e-06,2.36332766689884e-06,2.4588487121945946e-06,2.554369757490349e-06,2.649890575412428e-06,2.7454116207081825e-06,2.840932666003937e-06,2.936453483926016e-06,3.0319745292217704e-06]},"val_accuracy":100,"_wandb":{"runtime":3},"gradients/graph_13network.2.bias":{"bins":[-2.5019614895427367e-06,-2.5019614895427367e-06],"_type":"histogram","values":[1]},"epoch":50,"train_loss":9.90135207575804e-06,