{"parameters/graph_16network.4.weight":{"bins":[-1.832427740097046,-1.7822177410125732,-1.7320077419281006,-1.6817976236343384,-1.6315876245498657,-1.581377625465393,-1.5311675071716309,-1.4809575080871582,-1.4307475090026855,-1.380537509918213,-1.3303275108337402,-1.280117392539978,-1.2299073934555054,-1.1796973943710327,-1.1294872760772705,-1.0792772769927979,-1.0290672779083252,-0.9788572788238525,-0.9286472201347351,-0.8784371614456177,-0.828227162361145,-0.7780171632766724,-0.7278071045875549,-0.6775970458984375,-0.6273870468139648,-0.5771770477294922,-0.5269669890403748,-0.4767569601535797,-0.42654693126678467,-0.3763369023799896,-0.3261268734931946,-0.27591684460639954,-0.22570669651031494,-0.1754966676235199,-0.12528663873672485,-0.07507660984992981,-0.024866580963134766,0.02534344792366028,0.07555347681045532,0.12576350569725037,0.1759735345840454,0.22618356347084045,0.2763935923576355,0.32660362124443054,0.3768136501312256,0.42702367901802063,0.4772337079048157,0.5274437665939331,0.5776537656784058,0.6278637647628784,0.6780738234519958,0.7282838821411133,0.7784938812255859,0.8287038803100586,0.878913938999176,0.9291239976882935,0.9793339967727661,1.0295439958572388,1.079754114151001,1.1299641132354736,1.1801741123199463,1.230384111404419,1.2805941104888916,1.3308042287826538,1.3810142278671265],"_type":"histogram","values":[1,0,1,0,0,0,0,0,0,0,2,1,0,0,0,0,2,0,1,0,1,0,0,0,1,0,1,0,0,0,0,3,0,2,0,0,1,0,2,1,0,0,1,0,1,0,0,0,1,0,1,0,2,0,0,0,0,0,0,2,1,0,0,1]},"epoch":50,"_wandb":{"runtime":1},"gradients/graph_16network.4.bias":{"values":[1],"bins":[-5.020026492275065e-07,-5.020026492275065e-07],"_type":"histogram"},"gradients/graph_16network.0.bias":{"_type":"histogram","values":[1,0,0,0,0,0,0,0,0,0,0,0,0,0,0,0,0,0,0,0,0,0,0,0,0,0,1,0,0,1,3,4,2,1,1,0,2,2,3,1,0,0,1,0,1,0,1,2,0,0,1,0,0,1,0,0,0,0,0,0,0,0,0,1],"bins":[-2.5557201297488064e-06,-2.4792902877379674e-06,-2.402860673100804e-06,-2.326430831089965e-06,-2.250000989079126e-06,-2.1735713744419627e-06,-2.0971415324311238e-06,-2.020711690420285e-06,-1.944281848409446e-06,-1.8678522337722825e-06,-1.7914223917614436e-06,-1.7149926634374424e-06,-1.6385629351134412e-06,-1.5621330931026023e-06,-1.485703364778601e-06,-1.4092735227677622e-06,-1.332843794443761e-06,-1.2564140661197598e-06,-1.179984224108921e-06,-1.1035544957849197e-06,-1.0271246537740808e-06,-9.506949254500796e-07,-8.742651971260784e-07,-7.978354119586584e-07,-7.214056267912383e-07,-6.449758416238183e-07,-5.685460564563982e-07,-4.92116328132397e-07,-4.15686542964977e-07,-3.3925675779755693e-07,-2.628270010518463e-07,-1.8639723009528097e-07,-1.0996745913871564e-07,-3.3537688182150305e-08,4.289208277441503e-08,1.1932185373098037e-07,1.957516246875457e-07,2.7218140985496575e-07,3.4861116660067637e-07,4.25040923346387e-07,5.01470708513807e-07,5.779004936812271e-07,6.543302788486471e-07,7.307600071726483e-07,8.071897923400684e-07,8.836195775074884e-07,9.600493058314896e-07,1.0364791478423285e-06,1.1129088761663297e-06,1.189338604490331e-06,1.2657684465011698e-06,1.342198174825171e-06,1.41862801683601e-06,1.4950577451600111e-06,1.5714874734840123e-06,1.6479173154948512e-06,1.7243470438188524e-06,1.8007767721428536e-06,1.8772066141536925e-06,1.9536364561645314e-06,2.030066070801695e-06,2.106495912812534e-06,2.1829257548233727e-06,2.259355369460536e-06,2.335785211471375e-06]},"gradients/graph_16network.0.weight":{"values":[1,0,0,0,0,0,1,0,0,0,0,0,0,1,0,0,0,0,1,0,0,0,0,1,0,1,4,2,0,2,2,3,4,3,2,3,5,4,1,3,4,0,1,1,0,1,1,1,0,0,1,1,0,1,0,0,1,1,1,0,0,0,0,1],"bins":[-1.0310844800187624e-06,-1.0020029321822221e-06,-9.729213843456819e-07,-9.438398933525605e-07,-9.147584023594391e-07,-8.856768545228988e-07,-8.565953066863585e-07,-8.275138156932371e-07,-7.984322678566969e-07,-7.693507200201566e-07,-7.402692290270352e-07,-7.111876811904949e-07,-6.821061333539546e-07,-6.530246423608332e-07,-6.23943094524293e-07,-5.948616035311716e-07,-5.657800556946313e-07,-5.36698507858091e-07,-5.076170168649696e-07,-4.785354690284294e-07,-4.494539496135985e-07,-4.203724301987677e-07,-3.912908823622274e-07,-3.622093629473966e-07,-3.3312784353256575e-07,-3.040463241177349e-07,-2.749648047029041e-07,-2.458832568663638e-07,-2.1680173745153297e-07,-1.8772021803670214e-07,-1.5863868441101658e-07,-1.2955715078533103e-07,-1.0047568821391906e-07,-7.139416169366086e-08,-4.231263517340267e-08,-1.3231108653144474e-08,1.585041786711372e-08,4.4931944387371914e-08,7.401347090763011e-08,1.030949974278883e-07,1.321765239481465e-07,1.6125804336297733e-07,1.9033957698866288e-07,2.1942111061434844e-07,2.4850263002917927e-07,2.775841494440101e-07,3.066656972805504e-07,3.357472166953812e-07,3.6482873611021205e-07,3.939102555250429e-07,4.229917749398737e-07,4.52073322776414e-07,4.811548706129543e-07,5.102363616060757e-07,5.393179094426159e-07,5.683994004357373e-07,5.974809482722776e-07,6.265624961088179e-07,6.556439871019393e-07,6.847255349384795e-07,7.138070259316009e-07,7.428885737681412e-07,7.719701216046815e-07,8.010516125978029e-07,8.301331604343432e-07],"_type":"histogram"},"_step":49,"parameters/graph_16network.4.bias":{"bins":[-0.39383310079574585,-0.39383310079574585],"_type":"histogram","values":[1]},"val_loss":2.6284654624760152e-05,"gradients/graph_16network.4.weight":{"bins":[-1.7224087059730664e-05,-1.6685549780959263e-05,-1.6147014321177267e-05,-1.5608477042405866e-05,-1.5069940673129167e-05,-1.4531403394357767e-05,-1.3992867025081068e-05,-1.345433065580437e-05,-1.2915794286527671e-05,-1.237725700775627e-05,-1.1838720638479572e-05,-1.1300184269202873e-05,-1.0761646990431473e-05,-1.0223110621154774e-05,-9.684574251878075e-06,-9.146036973106675e-06,-8.607500603829976e-06,-8.068964234553277e-06,-7.530427410529228e-06,-6.991890586505178e-06,-6.45335421722848e-06,-5.91481739320443e-06,-5.3762805691803806e-06,-4.837744199903682e-06,-4.299207375879632e-06,-3.760670779229258e-06,-3.222134182578884e-06,-2.6835973585548345e-06,-2.1450607619044604e-06,-1.6065241652540863e-06,-1.0679874549168744e-06,-5.294508014230814e-07,9.085852070711553e-09,5.476225055645045e-07,1.0861591590582975e-06,1.6246958693955094e-06,2.1632324660458835e-06,2.7017690626962576e-06,3.240305886720307e-06,3.7788424833706813e-06,4.317379080021055e-06,4.855915904045105e-06,5.394452273321804e-06,5.932989097345853e-06,6.471525921369903e-06,7.0100622906466015e-06,7.548599114670651e-06,8.0871359386947e-06,8.6256723079714e-06,9.164208677248098e-06,9.702745956019498e-06,1.0241282325296197e-05,1.0779818694572896e-05,1.1318355973344296e-05,1.1856892342620995e-05,1.2395428711897694e-05,1.2933965990669094e-05,1.3472502359945793e-05,1.4011038729222491e-05,1.454957509849919e-05,1.508811237727059e-05,1.562664874654729e-05,1.616518602531869e-05,1.6703721485100687e-05,1.7242258763872087e-05],"_type":"histogram","values":[2,1,0,0,0,0,0,0,0,0,0,0,0,0,0,0,0,4,3,0,0,0,0,0,0,0,0,0,0,0,2,1,1,0,0,1,0,0,0,0,1,0,1,0,2,2,2,0,0,0,0,0,0,0,0,0,0,0,0,0,0,0,2,5]},