{"parameters/graph_9network.0.bias":{"values":[2,0,1,0,0,0,0,0,0,0,0,0,0,0,0,0,0,1,1,0,0,1,0,0,0,0,0,0,0,0,0,0,0,0,0,0,0,1,1,0,0,0,0,0,0,0,0,0,0,0,0,0,1,0,0,0,0,0,0,0,0,0,0,1],"bins":[-0.7047728300094604,-0.6719043850898743,-0.6390359401702881,-0.6061674952507019,-0.5732990503311157,-0.5404306650161743,-0.5075622200965881,-0.47469377517700195,-0.44182533025741577,-0.4089568853378296,-0.3760884404182434,-0.3432200253009796,-0.31035158038139343,-0.27748313546180725,-0.24461470544338226,-0.21174627542495728,-0.1788778305053711,-0.1460093855857849,-0.11314095556735992,-0.08027251809835434,-0.047404080629348755,-0.01453564316034317,0.018332794308662415,0.051201231777668,0.08406966924667358,0.11693810671567917,0.14980654418468475,0.18267497420310974,0.21554341912269592,0.2484118640422821,0.2812802791595459,0.3141487240791321,0.3470172882080078,0.379885733127594,0.4127541780471802,0.44562259316444397,0.47849103808403015,0.511359453201294,0.5442278981208801,0.5770963430404663,0.6099647879600525,0.6428332328796387,0.6757016777992249,0.708570122718811,0.7414385080337524,0.7743069529533386,0.8071753978729248,0.840043842792511,0.8729122877120972,0.9057807326316833,0.9386491775512695,0.9715176224708557,1.004386067390442,1.0372544527053833,1.0701229572296143,1.1029913425445557,1.135859727859497,1.168728232383728,1.2015966176986694,1.2344651222229004,1.2673335075378418,1.3002020120620728,1.3330703973770142,1.3659389019012451,1.3988072872161865],"_type":"histogram"},"val_loss":3.329057245537115e-06,"epoch":50,"gradients/graph_9network.4.bias":{"_type":"histogram","values":[1],"bins":[4.015711510874098e-06,4.015711510874098e-06]},"parameters/graph_9network.4.weight":{"bins":[-2.70768141746521,-2.6306865215301514,-2.5536913871765137,-2.476696491241455,-2.3997015953063965,-2.322706460952759,-2.2457115650177,-2.1687166690826416,-2.091721534729004,-2.0147266387939453,-1.9377317428588867,-1.8607367277145386,-1.7837417125701904,-1.7067468166351318,-1.6297518014907837,-1.552756905555725,-1.475761890411377,-1.3987668752670288,-1.3217719793319702,-1.244776964187622,-1.1677820682525635,-1.0907870531082153,-1.0137920379638672,-0.9367970824241638,-0.8598021268844604,-0.7828071713447571,-0.7058122158050537,-0.6288172006607056,-0.5518222451210022,-0.47482728958129883,-0.39783230423927307,-0.3208373188972473,-0.24384260177612305,-0.16684763133525848,-0.08985266089439392,-0.012857690453529358,0.0641372799873352,0.14113225042819977,0.21812722086906433,0.2951222062110901,0.37211716175079346,0.4491121172904968,0.5261070728302002,0.6031020879745483,0.6800970435142517,0.7570919990539551,0.8340870141983032,0.9110819697380066,0.98807692527771,1.065071940422058,1.1420668363571167,1.2190618515014648,1.2960567474365234,1.3730517625808716,1.4500467777252197,1.5270416736602783,1.6040366888046265,1.6810317039489746,1.7580265998840332,1.8350216150283813,1.9120166301727295,1.989011526107788,2.0660064220428467,2.1430015563964844,2.219996452331543],"_type":"histogram","values":[1,0,0,0,0,1,0,0,0,0,0,1,0,0,0,0,0,0,0,0,0,1,0,0,0,0,0,0,0,0,0,0,0,0,0,0,0,0,0,0,0,0,0,0,0,0,0,0,1,0,0,1,1,0,0,0,0,0,0,2,0,0,0,1]},"gradients/graph_9network.2.weight":{"_type":"histogram","values":[1,0,0,0,1,1,0,1,1,1,1,2,1,1,2,0,5,1,3,3,3,1,3,1,2,2,1,0,1,1,0,6,14,0,0,0,1,2,1,3,3,3,1,4,1,3,3,1,1,2,1,1,1,2,0,1,0,1,1,1,0,1,0,1],"bins":[-3.9389283301716205e-06,-3.815930085693253e-06,-3.692931841214886e-06,-3.5699335967365187e-06,-3.4469353522581514e-06,-3.3239373351534596e-06,-3.2009390906750923e-06,-3.077940846196725e-06,-2.9549426017183578e-06,-2.8319443572399905e-06,-2.7089461127616232e-06,-2.585947868283256e-06,-2.462949851178564e-06,-2.339951606700197e-06,-2.2169533622218296e-06,-2.0939551177434623e-06,-1.970956873265095e-06,-1.8479586287867278e-06,-1.7249603843083605e-06,-1.601962253516831e-06,-1.4789640090384637e-06,-1.3559657645600964e-06,-1.2329676337685669e-06,-1.1099693892901996e-06,-9.869711448118323e-07,-8.639729003334651e-07,-7.409747126985167e-07,-6.179765250635683e-07,-4.94978280585201e-07,-3.7198006452854315e-07,-2.489818484718853e-07,-1.2598363241522748e-07,-2.9849616112187505e-09,1.200132544454391e-07,2.4301147050209693e-07,3.6600968655875477e-07,4.890079026154126e-07,6.120061470937799e-07,7.350043347287283e-07,8.580025223636767e-07,9.81000766842044e-07,1.1039990113204112e-06,1.2269972557987785e-06,1.349995386590308e-06,1.4729936310686753e-06,1.5959918755470426e-06,1.7189900063385721e-06,1.8419882508169394e-06,1.9649864952953067e-06,2.087984739773674e-06,2.210982984252041e-06,2.3339812287304085e-06,2.4569794732087757e-06,2.5799774903134676e-06,2.702975734791835e-06,2.825973979270202e-06,2.9489722237485694e-06,3.0719704682269366e-06,3.194968712705304e-06,3.317966957183671e-06,3.440964974288363e-06,3.5639632187667303e-06,3.6869614632450975e-06,3.809959707723465e-06,3.932957952201832e-06]},"gradients/graph_9network.0.weight":{"_type":"histogram","values":[1,0,0,0,1,0,0,0,0,0,0,1,1,2,0,0,0,4,2,0,0,0,0,2,1,1,0,0,0,0,0,0,0,0,0,0,0,0,0,1,0,0,0,0,0,0,0,1,0,0,0,0,1,0,0,0,0,0,0,0,0,0,0,1],"bins":[-1.0715705684560817e-05,-1.0109817594639026e-05,-9.503929504717235e-06,-8.898042324290145e-06,-8.292154234368354e-06,-7.686266144446563e-06,-7.080378054524772e-06,-6.474490419350332e-06,-5.8686023294285405e-06,-5.2627142395067494e-06,-4.656826604332309e-06,-4.050938514410518e-06,-3.4450506518624024e-06,-2.8391627893142868e-06,-2.2332746993924957e-06,-1.62738683684438e-06,-1.0214989742962644e-06,-4.156110549047298e-07,1.902768644868047e-07,7.961647838783392e-07,1.4020527032698737e-06,2.0079405658179894e-06,2.6138286557397805e-06,3.219716518287896e-06,3.825604380836012e-06,4.431492470757803e-06,5.037380105932243e-06,5.643268195854034e-06,6.249156285775825e-06,6.855043920950266e-06,7.460932010872057e-06,8.066819646046497e-06,8.67270864546299e-06,9.278596735384781e-06,9.884484825306572e-06,1.0490372005733661e-05,1.1096260095655452e-05,1.1702148185577244e-05,1.2308036275499035e-05,1.2913924365420826e-05,1.3519811545847915e-05,1.4125699635769706e-05,1.4731587725691497e-05,1.5337474906118587e-05,1.594336390553508e-05,1.654925108596217e-05,1.7155140085378662e-05,1.776102726580575e-05,1.836691444623284e-05,1.8972803445649333e-05,1.9578690626076423e-05,2.0184579625492916e-05,2.0790466805920005e-05,2.1396355805336498e-05,2.2002242985763587e-05,2.2608130166190676e-05,2.321401916560717e-05,2.381990634603426e-05,2.442579534545075e-05,2.503168252587784e-05,2.563756970630493e-05,2.6243458705721423e-05,2.6849345886148512e-05,2.7455234885565005e-05,2.8061122065992095e-05]},"gradients/graph_9network.0.bias":{"_type":"histogram","values":[1,0,0,0,0,0,0,0,0,0,0,1,1,0,0,0,1,0,2,0,0,0,0,0,0,1,0,1,0,0,0,0,0,0,0,0,0,0,0,0,0,0,0,0,0,0,0,0,1,0,0,0,0,0,0,0,0,0,0,0,0,0,0,1],