{"parameters/graph_11network.0.bias":{"_type":"histogram","values":[1,0,0,0,0,0,0,0,0,0,0,0,0,0,0,0,0,0,0,0,0,0,1,1,0,0,0,0,0,0,0,0,0,0,0,0,0,0,0,0,0,0,0,0,0,0,0,0,0,0,0,0,0,0,0,0,0,0,0,0,0,0,0,2],"bins":[-4.636392116546631,-4.535556316375732,-4.434720516204834,-4.3338847160339355,-4.233048915863037,-4.132213115692139,-4.03137731552124,-3.9305412769317627,-3.8297054767608643,-3.728869676589966,-3.6280338764190674,-3.527198076248169,-3.4263620376586914,-3.325526237487793,-3.2246904373168945,-3.123854637145996,-3.0230188369750977,-2.922183036804199,-2.821347236633301,-2.7205114364624023,-2.619675636291504,-2.5188395977020264,-2.418003797531128,-2.3171679973602295,-2.216332197189331,-2.1154963970184326,-2.014660596847534,-1.9138246774673462,-1.8129888772964478,-1.7121530771255493,-1.6113171577453613,-1.510481357574463,-1.409645438194275,-1.3088096380233765,-1.2079737186431885,-1.10713791847229,-1.0063021183013916,-0.9054663181304932,-0.80463045835495,-0.7037945985794067,-0.6029587984085083,-0.5021229982376099,-0.40128713846206665,-0.3004513084888458,-0.199615478515625,-0.09877964854240417,0.0020561814308166504,0.10289201140403748,0.2037278413772583,0.3045636713504791,0.40539950132369995,0.5062353610992432,0.6070711612701416,0.70790696144104,0.8087428212165833,0.9095786809921265,1.010414481163025,1.1112502813339233,1.2120862007141113,1.3129220008850098,1.4137578010559082,1.5145936012268066,1.615429401397705,1.716265320777893,1.8171011209487915]},"_runtime":3,"train_loss":3.4826710529159755e-05,"_wandb":{"runtime":3},"parameters/graph_11network.2.weight":{"bins":[-6.147249221801758,-5.9922332763671875,-5.837217330932617,-5.682200908660889,-5.527184963226318,-5.372169017791748,-5.217153072357178,-5.062136650085449,-4.907120704650879,-4.752104759216309,-4.597088813781738,-4.442072868347168,-4.2870564460754395,-4.132040500640869,-3.977024555206299,-3.8220083713531494,-3.666992425918579,-3.511976480484009,-3.3569602966308594,-3.201944351196289,-3.0469281673431396,-2.8919122219085693,-2.73689603805542,-2.5818800926208496,-2.4268641471862793,-2.27184796333313,-2.1168320178985596,-1.9618158340454102,-1.8067998886108398,-1.65178382396698,-1.4967677593231201,-1.3417516946792603,-1.1867356300354004,-1.0317195653915405,-0.8767035007476807,-0.7216874957084656,-0.5666714310646057,-0.41165536642074585,-0.2566393315792084,-0.1016232818365097,0.053392767906188965,0.20840881764888763,0.3634248673915863,0.5184409022331238,0.6734569668769836,0.8284730315208435,0.9834890365600586,1.1385051012039185,1.2935211658477783,1.4485372304916382,1.603553295135498,1.758569359779358,1.9135854244232178,2.068601369857788,2.2236175537109375,2.378633499145508,2.533649444580078,2.6886656284332275,2.843681573867798,2.9986977577209473,3.1537137031555176,3.308729887008667,3.4637458324432373,3.6187620162963867,3.773777961730957],"_type":"histogram","values":[2,0,1,0,0,0,0,0,0,0,0,0,0,0,0,0,0,0,0,0,0,0,0,0,0,0,0,0,0,0,0,0,0,0,0,0,0,0,0,0,0,0,0,0,0,0,0,0,0,0,0,0,0,0,0,0,0,0,0,1,0,0,0,1]},"_step":49,"gradients/graph_11network.0.bias":{"values":[1,0,0,0,0,0,0,0,0,0,0,0,0,0,0,0,0,0,0,0,0,0,0,0,0,0,0,0,0,0,0,0,0,0,0,2,0,0,0,0,0,0,0,0,0,0,0,0,0,0,0,0,0,0,0,0,0,0,1,0,0,0,0,1],"bins":[-0.001097551896236837,-0.0010671252384781837,-0.0010366985807195306,-0.0010062719229608774,-0.0009758452069945633,-0.0009454185492359102,-0.0009149918332695961,-0.0008845651755109429,-0.0008541385177522898,-0.0008237118599936366,-0.0007932852022349834,-0.0007628584862686694,-0.0007324318285100162,-0.000702005170751363,-0.000671578454785049,-0.0006411517970263958,-0.0006107251392677426,-0.0005802984815090895,-0.0005498718237504363,-0.0005194451077841222,-0.0004890184500254691,-0.0004585917922668159,-0.0004281651054043323,-0.00039773841854184866,-0.0003673117607831955,-0.00033688510302454233,-0.0003064584161620587,-0.0002760317292995751,-0.0002456050715409219,-0.00021517839923035353,-0.00018475172691978514,-0.00015432505460921675,-0.00012389838229864836,-9.347170998807997e-05,-6.304503767751157e-05,-3.261836536694318e-05,-2.1916930563747883e-06,2.8234979254193604e-05,5.8661651564761996e-05,8.908832387533039e-05,0.00011951499618589878,0.00014994166849646717,0.00018036834080703557,0.00021079501311760396,0.00024122168542817235,0.0002716483431868255,0.00030207503004930913,0.00033250171691179276,0.0003629283746704459,0.0003933550324290991,0.0004237817192915827,0.0004542084061540663,0.0004846350639127195,0.0005150617216713727,0.0005454884376376867,0.0005759150953963399,0.0006063417531549931,0.0006367684109136462,0.0006671950686722994,0.0006976217846386135,0.0007280484423972666,0.0007584751001559198,0.0007889018161222339,0.000819328473880887,0.0008497551316395402],"_type":"histogram"},"gradients/graph_11network.0.weight":{"_type":"histogram","values":[1,0,0,0,0,0,0,0,0,0,0,0,0,0,0,0,0,0,0,0,0,0,0,0,0,0,0,0,0,0,0,1,0,0,2,1,1,0,1,1,0,0,0,0,0,0,0,0,0,0,0,0,0,0,0,0,0,0,1,0,0,0,0,1],"bins":[-0.0004211397026665509,-0.0004094398464076221,-0.0003977399901486933,-0.000386040162993595,-0.00037434030673466623,-0.00036264045047573745,-0.00035094062332063913,-0.00033924076706171036,-0.0003275409108027816,-0.0003158410545438528,-0.00030414119828492403,-0.0002924413711298257,-0.00028074151487089694,-0.00026904165861196816,-0.00025734183145686984,-0.00024564197519794106,-0.0002339421189390123,-0.0002222422626800835,-0.00021054242097306997,-0.00019884257926605642,-0.00018714272300712764,-0.00017544286674819887,-0.00016374302504118532,-0.00015204318333417177,-0.000140343327075243,-0.00012864347081631422,-0.00011694362910930067,-0.00010524378012632951,-9.354393114335835e-05,-8.184408216038719e-05,-7.014423317741603e-05,-5.8444384194444865e-05,-4.67445352114737e-05,-3.504468622850254e-05,-2.334483724553138e-05,-1.1644988262560219e-05,5.486072041094303e-08,1.1754709703382105e-05,2.3454558686353266e-05,3.515440766932443e-05,4.685425665229559e-05,5.855410563526675e-05,7.025395461823791e-05,8.195380360120907e-05,9.365365258418024e-05,0.0001053535015671514,0.00011705335055012256,0.0001287531922571361,0.00014045304851606488,0.00015215290477499366,0.0001638527464820072,0.00017555258818902075,0.00018725244444794953,0.0001989523007068783,0.00021065214241389185,0.0002223519841209054,0.00023405184037983418,0.00024575169663876295,0.0002574515528976917,0.00026915138005279005,0.0002808512363117188,0.0002925510925706476,0.0003042509197257459,0.0003159507759846747,0.00032765063224360347]},"parameters/graph_11network.0.weight":{"bins":[-4.187573432922363,-4.04562520980835,-3.903676986694336,-3.7617287635803223,-3.6197805404663086,-3.477832555770874,-3.3358843326568604,-3.1939361095428467,-3.051987886428833,-2.9100396633148193,-2.7680914402008057,-2.626143217086792,-2.4841952323913574,-2.3422470092773438,-2.20029878616333,-2.0583505630493164,-1.9164023399353027,-1.774454116821289,-1.6325058937072754,-1.4905577898025513,-1.3486095666885376,-1.206661343574524,-1.0647132396697998,-0.9227650165557861,-0.7808167934417725,-0.6388685703277588,-0.4969204068183899,-0.3549722135066986,-0.21302402019500732,-0.07107582688331604,0.07087236642837524,0.21282055974006653,0.354769229888916,0.4967174232006073,0.6386656165122986,0.7806137800216675,0.9225620031356812,1.0645102262496948,1.206458330154419,1.3484065532684326,1.4903547763824463,1.63230299949646,1.7742512226104736,1.9161993265151978,2.058147430419922,2.2000956535339355,2.342043876647949,2.483992099761963,2.6259403228759766,2.7678885459899902,2.909836769104004,3.0517849922180176,3.1937332153320312,3.335681200027466,3.4776294231414795,3.619577646255493,3.761525869369507,3.9034740924835205,4.045422077178955,4.187370300292969,4.329318523406982,4.471266746520996,4.61321496963501,4.755163192749023,4.897111415863037],"_type":"histogram","values":[1,0,0,1,0,0,0,0,0,0,0,0,0,0,0,0,0,0,0,0,0,0,0,0,0,0,0,0,0,0,0,0,0,0,0,0,0,0,0,0,0,0,0,0,0,0,0,0,0,1,0,1,0,0,0,0,0,0,0,0,0,3,1,2]},"gradients/graph_11network.2.weight":{"_type":"histogram",