{"train_accuracy":100,"epoch":50,"gradients/graph_5network.2.weight":{"_type":"histogram","values":[1,0,0,0,1,0,0,0,0,0,0,1,0,1,0,0,1,0,1,1,0,0,0,0,0,0,1,3,1,1,2,0,0,0,2,2,1,0,0,1,2,0,0,1,0,0,1,0,0,0,0,1,1,1,0,0,0,0,0,0,0,0,0,2],"bins":[-0.007292208261787891,-0.007059418596327305,-0.006826628930866718,-0.006593839265406132,-0.006361049599945545,-0.006128259934484959,-0.005895470269024372,-0.0056626806035637856,-0.005429890938103199,-0.0051971017383039,-0.004964312072843313,-0.004731522407382727,-0.00449873274192214,-0.004265943076461554,-0.004033153411000967,-0.0038003637455403805,-0.003567574080079794,-0.0033347844146192074,-0.003101994749158621,-0.0028692050836980343,-0.0026364154182374477,-0.002403625985607505,-0.0021708363201469183,-0.0019380466546863317,-0.0017052569892257452,-0.0014724673237651587,-0.001239677658304572,-0.0010068881092593074,-0.0007740984437987208,-0.0005413087783381343,-0.00030851917108520865,-7.572953472845256e-05,0.00015706010162830353,0.0003898497379850596,0.0006226393743418157,0.0008554289815947413,0.001088218647055328,0.0013210083125159144,0.0015537978615611792,0.0017865875270217657,0.0020193771924823523,0.002252166857942939,0.0024849565234035254,0.002717746188864112,0.002950535621494055,0.0031833252869546413,0.003416114952415228,0.0036489046178758144,0.003881694283336401,0.0041144839487969875,0.004347273614257574,0.004580063279718161,0.004812852945178747,0.005045642610639334,0.00527843227609992,0.005511221941560507,0.005744011141359806,0.005976800806820393,0.006209590472280979,0.006442380137741566,0.006675169803202152,0.006907959468662739,0.007140749134123325,0.007373538799583912,0.0076063284650444984]},"parameters/graph_5network.0.bias":{"values":[1,0,0,0,0,0,0,0,0,0,0,1,0,0,1,1,0,0,1,1,1,2,0,0,0,1,0,1,0,1,0,0,1,0,0,1,0,0,0,0,0,1,0,0,0,1,0,1,1,0,1,1,2,1,1,1,1,0,1,1,0,0,0,2],"bins":[-1.7686612606048584,-1.7235947847366333,-1.6785284280776978,-1.6334619522094727,-1.588395595550537,-1.543329119682312,-1.498262643814087,-1.4531962871551514,-1.4081298112869263,-1.3630633354187012,-1.3179969787597656,-1.2729305028915405,-1.2278640270233154,-1.1827976703643799,-1.1377311944961548,-1.0926648378372192,-1.0475983619689941,-1.002531886100769,-0.9574655294418335,-0.9123990535736084,-0.8673326373100281,-0.8222662210464478,-0.7771997451782227,-0.7321333289146423,-0.687066912651062,-0.6420004963874817,-0.5969340801239014,-0.5518676042556763,-0.506801187992096,-0.4617347717285156,-0.4166683256626129,-0.3716018795967102,-0.32653534412384033,-0.28146892786026,-0.2364024817943573,-0.19133605062961578,-0.14626961946487427,-0.10120318830013275,-0.056136757135391235,-0.01107032597064972,0.0339961051940918,0.07906253635883331,0.12412896752357483,0.16919539868831635,0.21426182985305786,0.2593282461166382,0.3043946921825409,0.3494611382484436,0.3945275545120239,0.43959397077560425,0.48466041684150696,0.5297268629074097,0.57479327917099,0.6198596954345703,0.6649261713027954,0.7099925875663757,0.755059003829956,0.8001254200935364,0.8451918363571167,0.8902583122253418,0.9353247284889221,0.9803911447525024,1.0254576206207275,1.070523977279663,1.1155904531478882],"_type":"histogram"},"_runtime":0,"_wandb":{"runtime":0},"gradients/graph_5network.2.bias":{"_type":"histogram","values":[1],"bins":[-0.0019253094214946032,-0.0019253094214946032]},"_timestamp":1.7642562615430417e+09,"train_loss":0.02063608893752098,"parameters/graph_5network.2.bias":{"_type":"histogram","values":[1],"bins":[0.2872733175754547,0.2872733175754547]},"val_loss":0.019318296298384666,"parameters/graph_5network.2.weight":{"bins":[-1.0703821182250977,-1.03627610206604,-1.0021699666976929,-0.9680638909339905,-0.9339578151702881,-0.8998517394065857,-0.8657456636428833,-0.8316395878791809,-0.7975335121154785,-0.7634274363517761,-0.7293213605880737,-0.6952152848243713,-0.661109209060669,-0.6270031332969666,-0.5928970575332642,-0.5587909817695618,-0.5246849060058594,-0.490578830242157,-0.4564727544784546,-0.4223666787147522,-0.3882606029510498,-0.3541545271873474,-0.320048451423645,-0.2859423756599426,-0.25183629989624023,-0.21773022413253784,-0.18362414836883545,-0.14951807260513306,-0.11541199684143066,-0.08130592107772827,-0.04719984531402588,-0.013093769550323486,0.021012425422668457,0.05511850118637085,0.08922457695007324,0.12333065271377563,0.15743672847747803,0.19154280424118042,0.2256488800048828,0.2597549557685852,0.2938610315322876,0.32796710729599,0.3620731830596924,0.3961792588233948,0.43028533458709717,0.46439141035079956,0.49849748611450195,0.5326035618782043,0.5667096376419067,0.6008157134056091,0.6349217891693115,0.6690278649330139,0.7031339406967163,0.7372400164604187,0.7713460922241211,0.8054521679878235,0.8395582437515259,0.8736643195152283,0.9077703952789307,0.9418764710426331,0.9759825468063354,1.0100886821746826,1.0441946983337402,1.0783007144927979,1.112406849861145],"_type":"histogram","values":[2,0,2,0,0,1,0,1,1,1,2,0,1,0,0,0,1,1,0,0,0,0,0,1,0,2,0,1,0,0,0,0,0,0,0,0,0,0,1,0,0,0,1,0,0,1,0,0,0,0,0,0,0,0,1,1,1,2,1,0,1,2,0,1]},"gradients/graph_5network.0.bias":{"bins":[-0.002686801366508007,-0.0025910004042088985,-0.0024951992090791464,-0.002399398246780038,-0.0023035970516502857,-0.002207796089351177,-0.0021119951270520687,-0.0020161939319223166,-0.001920392969623208,-0.0018245918909087777,-0.0017287908121943474,-0.0016329898498952389,-0.0015371887711808085,-0.0014413876924663782,-0.0013455867301672697,-0.0012497856514528394,-0.001153984572738409,-0.0010581834940239787,-0.0009623824735172093,-0.0008665814530104399,-0.0007707803742960095,-0.0006749792955815792,-0.0005791782750748098,-0.0004833772254642099,-0.00038757617585361004,-0.00029177512624301016,-0.0001959740766324103,-0.00010017302702181041,-4.371977411210537e-06,9.142907219938934e-05,0.00018723012180998921,0.0002830311714205891,0.0003788319882005453,0.0004746330378111452,0.0005704340874217451,0.0006662351079285145,0.0007620361866429448,0.0008578372653573751,0.0009536382858641446,0.001049439306370914,0.0011452403850853443,0.0012410414637997746,0.001336842542514205,0.0014326435048133135,0.0015284445835277438,0.0016242456622421741,0.0017200466245412827,0.001815847703255713,0.0019116487819701433,0.002007449744269252,0.002103250939399004,0.0021990519016981125,0.002294852863997221,0.002390654059126973,0.0024864550214260817,0.002582256216555834,0.0026780571788549423,0.002773858141154051,0.002869659336283803,0.0029654602985829115,0.0030612614937126637,0.003157062456011772,0.0032528634183108807,0.003348664613440633,0.0034444655757397413],"_type":"histogram","values":[1,1,0,0,1,0,1,1,0,0,1,0,0,0,0,0,0,0,0,1,1,1,2,1,0,3,0,3,1,1,1,3,0,1,0,0,0,0,0,0,0,0,0,0,0,0,0,0,0,1,0,2,1,0,0,0,0,0,0,0,0,0,0,1]},"_step":49,"parameters/graph_5network.0.weight":{"values":[1,0,0,1,2,3,2,1,0,2,0,1,1,0,3,1,0,0,0,0,1,3,1,0,1,2,0,1,1,0,1,2,0,0,0,0,1,0,1,0,1,0,1,3,1,1,0,0,1,1,0,1,0,0,1,0,3,3,1,2,1,3,1,2],