{"gradients/graph_3network.2.bias":{"bins":[9.592824426363222e-06,9.592824426363222e-06],"_type":"histogram","values":[1]},"val_accuracy":100,"_timestamp":1.76425624952576e+09,"parameters/graph_3network.2.bias":{"bins":[0.2403891235589981,0.2403891235589981],"_type":"histogram","values":[1]},"_wandb":{"runtime":1},"_step":49,"train_loss":0.0001252952027716674,"parameters/graph_3network.0.weight":{"bins":[-3.109370708465576,-3.011648178100586,-2.9139254093170166,-2.8162028789520264,-2.718480348587036,-2.620757579803467,-2.5230350494384766,-2.4253125190734863,-2.327589988708496,-2.2298672199249268,-2.1321446895599365,-2.0344221591949463,-1.936699390411377,-1.8389768600463867,-1.741254210472107,-1.6435316801071167,-1.545809030532837,-1.4480863809585571,-1.350363850593567,-1.252641201019287,-1.1549186706542969,-1.057196021080017,-0.9594733715057373,-0.8617507815361023,-0.7640281915664673,-0.6663056015968323,-0.5685830116271973,-0.4708603620529175,-0.37313777208328247,-0.27541518211364746,-0.17769256234169006,-0.07996995747089386,0.017752408981323242,0.11547501385211945,0.21319761872291565,0.31092023849487305,0.40864282846450806,0.5063654184341431,0.6040880680084229,0.7018106579780579,0.7995332479476929,0.8972558379173279,0.9949784278869629,1.0927010774612427,1.1904237270355225,1.2881462574005127,1.3858689069747925,1.4835914373397827,1.5813140869140625,1.6790367364883423,1.7767592668533325,1.8744819164276123,1.9722044467926025,2.069927215576172,2.167649745941162,2.2653722763061523,2.3630948066711426,2.460817575454712,2.558540105819702,2.6562626361846924,2.7539854049682617,2.851707935333252,2.949430465698242,3.0471532344818115,3.1448757648468018],"_type":"histogram","values":[2,0,0,1,0,1,2,1,1,2,0,0,1,0,0,0,0,0,0,1,0,0,0,0,1,1,2,0,2,2,2,1,0,2,1,2,0,1,1,1,1,0,2,2,3,0,1,1,0,0,1,1,1,1,2,1,0,1,3,2,0,2,1,3]},"gradients/graph_3network.0.weight":{"values":[1,1,0,1,0,1,0,0,1,0,1,0,1,1,0,0,1,0,0,0,1,1,1,0,0,0,4,0,2,2,4,3,3,2,0,3,0,8,0,0,1,2,1,2,1,1,1,2,0,0,0,0,1,0,0,1,0,1,0,1,1,0,0,1],"bins":[-3.0348153813974932e-05,-2.9503908081096597e-05,-2.8659662348218262e-05,-2.7815416615339927e-05,-2.6971170882461593e-05,-2.6126925149583258e-05,-2.5282679416704923e-05,-2.4438433683826588e-05,-2.3594187950948253e-05,-2.2749944037059322e-05,-2.1905698304180987e-05,-2.1061452571302652e-05,-2.0217206838424318e-05,-1.9372961105545983e-05,-1.8528715372667648e-05,-1.7684469639789313e-05,-1.6840223906910978e-05,-1.5995978174032643e-05,-1.5151732441154309e-05,-1.4307486708275974e-05,-1.3463240975397639e-05,-1.2618996152014006e-05,-1.1774750419135671e-05,-1.0930504686257336e-05,-1.0086258953379001e-05,-9.242013220500667e-06,-8.397767487622332e-06,-7.553522209491348e-06,-6.709276476613013e-06,-5.865030743734678e-06,-5.020785465603694e-06,-4.1765397327253595e-06,-3.3322939998470247e-06,-2.48804826696869e-06,-1.6438027614640305e-06,-7.995571422725334e-07,4.4688476918963715e-08,8.889340961104608e-07,1.733179715301958e-06,2.5774252208066173e-06,3.421670953684952e-06,4.265916686563287e-06,5.110162419441622e-06,5.954407697572606e-06,6.7986534304509405e-06,7.642898708581924e-06,8.48714444146026e-06,9.331390174338594e-06,1.0175635907216929e-05,1.1019881640095264e-05,1.1864127372973599e-05,1.2708373105851933e-05,1.3552618838730268e-05,1.4396863662113901e-05,1.5241109394992236e-05,1.6085356037365273e-05,1.6929599951254204e-05,1.777384568413254e-05,1.8618091417010874e-05,1.946233714988921e-05,2.0306582882767543e-05,2.1150828615645878e-05,2.1995074348524213e-05,2.2839320081402548e-05,2.3683565814280882e-05],"_type":"histogram"},"gradients/graph_3network.2.weight":{"values":[1,1,0,0,0,1,1,1,0,0,0,0,0,0,0,0,0,0,0,0,0,2,1,3,1,2,1,0,2,0,1,0,0,0,0,0,1,0,1,2,0,0,0,0,1,0,0,0,0,2,0,1,0,1,0,1,1,0,0,0,0,0,0,1],"bins":[-4.2548497731331736e-05,-4.1191571654053405e-05,-3.983464193879627e-05,-3.8477715861517936e-05,-3.71207861462608e-05,-3.576386006898247e-05,-3.4406933991704136e-05,-3.3050004276447e-05,-3.169307819916867e-05,-3.0336150302900933e-05,-2.8979222406633198e-05,-2.7622296329354867e-05,-2.6265368433087133e-05,-2.49084405368194e-05,-2.3551514459541067e-05,-2.2194586563273333e-05,-2.08376586670056e-05,-1.9480730770737864e-05,-1.812380287447013e-05,-1.67668767971918e-05,-1.5409948900924064e-05,-1.405302100465633e-05,-1.2696094017883297e-05,-1.1339167031110264e-05,-9.98223913484253e-06,-8.625311238574795e-06,-7.268384251801763e-06,-5.911456810281379e-06,-4.5545293687609956e-06,-3.197601927240612e-06,-1.8406744857202284e-06,-4.837470441998448e-07,8.731767593417317e-07,2.2301042008621152e-06,3.587031642382499e-06,4.943959083902882e-06,6.300886525423266e-06,7.657814421691e-06,9.014741408464033e-06,1.0371668395237066e-05,1.17285962915048e-05,1.3085524187772535e-05,1.4442451174545567e-05,1.57993781613186e-05,1.7156306057586335e-05,1.851323395385407e-05,1.98701600311324e-05,2.1227087927400135e-05,2.258401582366787e-05,2.3940943719935603e-05,2.5297871616203338e-05,2.665479769348167e-05,2.8011725589749403e-05,2.9368653486017138e-05,3.072557956329547e-05,3.208250927855261e-05,3.343943535583094e-05,3.479636143310927e-05,3.6153291148366407e-05,3.751021722564474e-05,3.8867146940901875e-05,4.0224073018180206e-05,4.158099909545854e-05,4.2937928810715675e-05,4.4294854887994006e-05],"_type":"histogram"},"train_accuracy":100,"epoch":50,"_runtime":1,"parameters/graph_3network.2.weight":{"values":[1,0,0,0,0,0,1,1,0,0,1,0,0,1,1,1,0,1,1,0,0,0,0,0,0,0,0,0,1,0,1,0,1,0,0,1,2,1,0,1,0,0,1,0,0,2,0,0,0,0,1,1,0,0,0,1,0,2,1,1,1,0,1,1],"bins":[-2.6091504096984863,-2.536398410797119,-2.463646411895752,-2.3908944129943848,-2.3181424140930176,-2.2453906536102295,-2.1726386547088623,-2.099886655807495,-2.027134656906128,-1.9543826580047607,-1.8816306591033936,-1.808878779411316,-1.7361267805099487,-1.6633747816085815,-1.590622901916504,-1.5178709030151367,-1.4451189041137695,-1.3723669052124023,-1.2996149063110352,-1.2268630266189575,-1.1541110277175903,-1.0813590288162231,-1.0086071491241455,-0.9358551502227783,-0.8631031513214111,-0.790351152420044,-0.7175992131233215,-0.6448472738265991,-0.5720952749252319,-0.49934330582618713,-0.42659133672714233,-0.35383936762809753,-0.28108763694763184,-0.20833566784858704,-0.13558369874954224,-0.06283172965049744,0.009920239448547363,0.08267220854759216,0.15542417764663696,0.22817614674568176,0.30092811584472656,0.37368008494377136,0.44643205404281616,0.5191839933395386,0.5919359922409058,0.664687991142273,0.7374399304389954,0.8101918697357178,0.882943868637085,0.9556958675384521,1.0284478664398193,1.101199746131897,1.1739517450332642,1.2467037439346313,1.319455623626709,1.3922076225280762,1.4649596214294434,1.5377116203308105,1.6104636192321777,1.6832154989242554,1.7559674978256226,1.8287194967269897,1.9014713764190674,1.9742233753204346,2.0469753742218018],"_type":"histogram"},"val_loss":9.959379414794966e-05,